Batsman,Total Runs Scored,Home Run Hitting Ability,Home Runs,Non Home Runs,Number of Milestones Reached,Average Balls Faced,Team
JA Morkel,659,80.0,362,297,2.0,20.0606060606,South Africa
HH Gibbs,1856,240.0,1028,828,16.0,42.7884615385,South Africa
T Thushara,347,37.0,162,185,1.0,17.5714285714,Sri Lanka
V Sehwag,3417,518.0,2200,1217,21.0,35.7386363636,India
KA Edwards,331,30.0,134,197,1.0,31.875,West Indies
SC Williams,1855,167.0,708,1147,18.0,35.3230769231,Zimbabwe
DE Bernard,134,10.0,40,94,0,21.1,West Indies
WK McCallan,101,9.0,36,65,0,13.5384615385,Ireland
LE Plunkett,278,29.0,136,142,0,11.5714285714,England
RK Whelan,5,1.0,4,1,0,6.0,Ireland
MJ Guptill,4384,553.0,2416,1968,36.0,46.0695652174,New Zealand
GB Hogg,178,10.0,42,136,0,19.6923076923,Australia
CT Tremlett,42,4.0,20,22,0,7.3,England
JW Hastings,180,23.0,100,80,0,14.5384615385,Australia
PA Hitchcock,11,1.0,6,5,0,11.0,New Zealand
CK Kapugedera,1226,101.0,450,776,7.0,30.8103448276,Sri Lanka
N Deonarine,461,46.0,194,267,3.0,31.8636363636,West Indies
CR Brathwaite,71,8.0,38,33,0,12.4285714286,West Indies
MC Sorensen,64,8.0,38,26,0,18.75,Ireland
ML Udawatte,103,14.0,58,45,0,27.6666666667,Sri Lanka
NW Bracken,113,9.0,38,75,0,7.86956521739,Australia
Rajin Saleh,43,7.0,28,15,0,40.5,Bangladesh
SR Patel,482,49.0,220,262,1.0,24.1818181818,England
M Kartik,37,5.0,22,15,0,16.3333333333,India
Rubel Hossain,68,8.0,34,34,0,5.12,Bangladesh
Ziaur Rahman,83,12.0,54,29,0,9.1,Bangladesh
CK Coventry,529,60.0,282,247,3.0,32.5555555556,Zimbabwe
TA Boult,58,8.0,38,20,0,6.81818181818,New Zealand
D Mongia,157,15.0,60,97,1.0,43.5,India
D Ganga,41,2.0,8,33,0,52.5,West Indies
MJ Santner,294,33.0,152,142,0,26.1818181818,New Zealand
CT Mutombodzi,32,2.0,8,24,0,14.6666666667,Zimbabwe
CR Ervine,916,92.0,394,522,6.0,41.2666666667,Zimbabwe
XM Marshall,85,12.0,48,37,0,18.0,West Indies
IR Bell,4741,487.0,2002,2739,33.0,46.7611940299,England
RV Uthappa,753,102.0,440,313,4.0,24.8823529412,India
J Nyumbu,45,2.0,10,35,0,6.92307692308,Zimbabwe
KW Richardson,30,4.0,20,10,0,4.75,Australia
Umar Gul,407,44.0,200,207,0,10.4561403509,Pakistan
HDRL Thirimanne,2558,225.0,942,1616,20.0,44.1851851852,Sri Lanka
D Elgar,98,5.0,20,78,0,32.4,South Africa
Abdur Rehman,127,11.0,46,81,0,10.8571428571,Pakistan
H Masakadza,2886,333.0,1422,1464,20.0,38.5046728972,Zimbabwe
KO Meth,33,4.0,16,17,0,10.4,Zimbabwe
B Lee,477,48.0,218,259,1.0,13.2727272727,Australia
JR Hazlewood,5,1.0,4,1,0,4.5,Australia
R Mutumbami,232,29.0,122,110,1.0,22.1333333333,Zimbabwe
PP Ojha,46,3.0,12,34,0,12.6666666667,India
TWM Latham,862,94.0,398,464,5.0,33.7058823529,New Zealand
JH Kallis,3242,312.0,1308,1934,31.0,48.7471264368,South Africa
MM Patel,71,8.0,34,37,0,4.81818181818,India
DE Bollinger,50,5.0,20,30,0,7.71428571429,Australia
LRPL Taylor,4994,501.0,2204,2790,41.0,46.25,New Zealand
CH Gayle,3611,532.0,2414,1197,24.0,34.8103448276,West Indies
PC de Silva,63,7.0,28,35,0,16.8,Sri Lanka
NM Hauritz,291,26.0,116,175,1.0,12.44,Australia
MDKJ Perera,1184,152.0,674,510,9.0,28.4347826087,Sri Lanka
SP Narine,291,36.0,164,127,0,11.2058823529,West Indies
SJ Benn,135,16.0,68,67,0,9.25,West Indies
IJL Trott,2715,210.0,846,1869,25.0,58.1935483871,England
BAW Mendis,170,17.0,72,98,0,6.73684210526,Sri Lanka
PD McGlashan,63,7.0,30,33,1.0,26.5,New Zealand
IK Pathan,674,75.0,330,344,1.0,21.525,India
CJ Anderson,998,129.0,622,376,5.0,26.8787878788,New Zealand
Khaled Mashud,41,1.0,4,37,0,31.6666666667,Bangladesh
Hammad Azam,75,7.0,32,43,0,23.8,Pakistan
L Balaji,7,1.0,4,3,0,10.0,India
PG Fulton,877,88.0,376,501,6.0,40.625,New Zealand
ST Finn,130,14.0,62,68,0,9.08333333333,England
SL Malinga,403,50.0,234,169,1.0,6.66666666667,Sri Lanka
PC Connell,6,1.0,4,2,0,23.0,Ireland
LM Jongwe,121,12.0,52,69,0,16.7272727273,Zimbabwe
RR Emrit,13,1.0,4,9,0,17.5,West Indies
KOA Powell,715,97.0,406,309,6.0,32.8518518519,West Indies
Abdur Razzak,613,62.0,280,333,1.0,11.3698630137,Bangladesh
Mahmudullah,2394,222.0,934,1460,15.0,34.4285714286,Bangladesh
ND McKenzie,108,9.0,36,72,1.0,42.0,South Africa
JR Hopes,1153,113.0,464,689,3.0,23.2592592593,Australia
T Maruma,66,6.0,28,38,0,14.3333333333,Zimbabwe
HF Gurney,15,1.0,4,11,0,5.5,England
E Chigumbura,2598,261.0,1160,1438,13.0,29.298245614,Zimbabwe
KP Pietersen,3115,344.0,1462,1653,22.0,40.7419354839,England
VD Philander,141,13.0,52,89,0,13.25,South Africa
CJ Ferguson,606,57.0,228,378,4.0,32.7391304348,Australia
DL Vettori,1119,102.0,424,695,2.0,18.323943662,New Zealand
Shahzaib Hasan,100,15.0,64,36,1.0,39.3333333333,Pakistan
GW Flower,35,2.0,8,27,0,23.0,Zimbabwe
Syed Rasel,52,4.0,16,36,0,7.66666666667,Bangladesh
Ahmed Shehzad,2329,257.0,1060,1269,17.0,46.9857142857,Pakistan
MT Chinouya,6,1.0,4,2,0,4.5,Zimbabwe
JDS Neesham,238,28.0,118,120,0,15.875,New Zealand
CAK Walton,17,1.0,4,13,0,7.5,West Indies
RA Jadeja,1849,181.0,794,1055,10.0,26.3882352941,India
LD Chandimal,2368,201.0,862,1506,17.0,34.847826087,Sri Lanka
BMAJ Mendis,561,53.0,232,329,1.0,18.2972972973,Sri Lanka
SMA Priyanjan,420,50.0,206,214,2.0,26.65,Sri Lanka
JP Duminy,3686,286.0,1234,2452,23.0,37.3495934959,South Africa
LJ Woodcock,14,1.0,4,10,0,11.0,New Zealand
NO Miller,248,24.0,104,144,1.0,13.0416666667,West Indies
Jahurul Islam,226,24.0,100,126,1.0,29.5454545455,Bangladesh
DJ Hussey,1665,145.0,628,1037,14.0,33.2456140351,Australia
MG Johnson,876,96.0,426,450,2.0,11.4567901235,Australia
Zulqarnain Haider,48,3.0,12,36,0,17.5,Pakistan
SM Pollock,491,46.0,200,291,2.0,20.5517241379,South Africa
PD Collingwood,2841,244.0,1070,1771,18.0,39.7311827957,England
CH Morris,96,11.0,52,44,1.0,15.8333333333,South Africa
Asad Shafiq,1264,106.0,434,830,9.0,36.9215686275,Pakistan
Bazid Khan,53,3.0,14,39,1.0,51.0,Pakistan
PJ Forrest,368,38.0,160,208,4.0,41.2142857143,Australia
AJ Hall,144,14.0,58,86,1.0,16.4,South Africa
Sikandar Raza,997,114.0,494,503,5.0,32.2631578947,Zimbabwe
RJ Sidebottom,124,11.0,44,80,0,11.6875,England
AC Gilchrist,1257,172.0,740,517,11.0,32.7,Australia
M Morkel,185,21.0,94,91,0,7.31428571429,South Africa
ST Jayasuriya,2413,349.0,1520,893,15.0,34.5070422535,Sri Lanka
CJ Chibhabha,1577,172.0,712,865,10.0,36.3582089552,Zimbabwe
Tamim Iqbal,4166,531.0,2236,1930,36.0,41.4045801527,Bangladesh
MJ Lumb,165,15.0,66,99,1.0,68.6666666667,England
JM How,778,87.0,360,418,5.0,46.0769230769,New Zealand
N Madziva,49,5.0,20,29,0,13.8571428571,Zimbabwe
D Wiese,102,12.0,58,44,0,19.6666666667,South Africa
Aizaz Cheema,26,2.0,8,18,0,7.5,Pakistan
DR Martyn,312,40.0,162,150,3.0,68.4285714286,Australia
Sohaib Maqsood,677,66.0,292,385,5.0,36.9130434783,Pakistan
ADS Fletcher,216,29.0,124,92,2.0,21.5625,West Indies
G Chapple,14,2.0,10,4,0,7.0,England
LE Bosman,299,46.0,202,97,2.0,27.8181818182,South Africa
JWA Taylor,862,81.0,348,514,8.0,44.9583333333,England
HMCM Bandara,86,7.0,34,52,0,15.2857142857,Sri Lanka
LMP Simmons,1958,212.0,948,1010,18.0,42.828125,West Indies
DM Richards,179,24.0,102,77,2.0,37.1428571429,West Indies
Soumya Sarkar,662,103.0,440,222,5.0,47.7142857143,Bangladesh
RE van der Merwe,39,5.0,24,15,0,5.85714285714,South Africa
EC Joyce,992,108.0,450,542,7.0,41.2857142857,England
Mushfiqur Rahim,3500,329.0,1410,2090,23.0,36.9126984127,Bangladesh
Mohammad Ashraful,1537,172.0,706,831,9.0,30.4430379747,Bangladesh
Sohag Gazi,182,22.0,96,86,0,13.8,Bangladesh
AR Cusack,181,18.0,76,105,0,18.5333333333,Ireland
Farhad Reza,226,22.0,98,128,0,18.9090909091,Bangladesh
TD Paine,636,78.0,320,316,5.0,42.0434782609,Australia
PJ Moor,15,1.0,4,11,0,18.0,Zimbabwe
KA Pollard,1912,211.0,1022,890,9.0,27.8205128205,West Indies
SM Davies,244,36.0,144,100,1.0,29.875,England
SR Watson,4876,608.0,2662,2214,37.0,41.9457364341,Australia
NLTC Perera,1074,124.0,578,496,5.0,13.5866666667,Sri Lanka
Gurkeerat Singh,13,2.0,8,5,0,6.5,India
R McLaren,479,48.0,204,275,1.0,17.15,South Africa
KJ Abbott,70,6.0,24,46,0,11.3,South Africa
VR Aaron,8,1.0,4,4,0,5.0,India
JC Buttler,1765,205.0,930,835,11.0,25.9322033898,England
KM Dabengwa,335,24.0,108,227,0,27.3,Zimbabwe
GC Smith,3357,397.0,1640,1717,29.0,42.13,South Africa
A Symonds,1379,148.0,650,729,13.0,35.0,Australia
AJ Redmond,152,19.0,76,76,1.0,44.3333333333,New Zealand
Inzamam-ul-Haq,324,38.0,164,160,0,37.9166666667,Pakistan
MEK Hussey,4057,328.0,1426,2631,31.0,41.3193277311,Australia
MM Ali,728,91.0,408,320,4.0,22.6176470588,England
AM Phangiso,66,5.0,20,46,0,11.7777777778,South Africa
JDP Oram,1202,130.0,610,592,9.0,26.125,New Zealand
MJ McClenaghan,108,13.0,58,50,0,10.2142857143,New Zealand
SS Tiwary,49,6.0,26,23,0,28.5,India
NM Coulter-Nile,60,4.0,18,42,0,12.2857142857,Australia
Khurram Manzoor,206,20.0,80,126,3.0,53.8333333333,Pakistan
DJ Bravo,2478,252.0,1112,1366,12.0,28.6261682243,West Indies
Shamsur Rahman,266,32.0,146,120,2.0,39.6666666667,Bangladesh
BJ Hodge,344,36.0,154,190,2.0,31.5384615385,Australia
DJ Willey,58,4.0,20,38,0,9.57142857143,England
HM Amla,5806,619.0,2548,3258,48.0,56.1260504202,South Africa
AR McBrine,46,4.0,18,28,0,12.25,Ireland
B Kumar,207,21.0,88,119,0,10.25,India
GJ Bailey,2290,211.0,932,1358,19.0,42.9365079365,Australia
PJ Ingram,193,30.0,120,73,1.0,34.1428571429,New Zealand
JP Bray,234,27.0,112,122,1.0,37.1,Ireland
R Dravid,1284,122.0,506,778,11.0,41.0697674419,India
RP Singh,84,5.0,22,62,0,14.0666666667,India
B Geeves,10,1.0,4,6,0,11.0,Australia
SHT Kandamby,815,67.0,268,547,5.0,39.0666666667,Sri Lanka
SB Styris,1793,170.0,716,1077,14.0,42.9811320755,New Zealand
PJK Mooney,11,1.0,4,7,0,4.0,Ireland
Raqibul Hasan,1094,87.0,364,730,6.0,39.2978723404,Bangladesh
Fawad Alam,903,63.0,264,639,6.0,36.5588235294,Pakistan
Mohammad Salman,22,2.0,8,14,0,13.3333333333,Pakistan
JM Kemp,471,46.0,216,255,3.0,35.4,South Africa
WTS Porterfield,864,91.0,380,484,5.0,43.8571428571,Ireland
Yuvraj Singh,3903,487.0,2128,1775,31.0,38.8083333333,India
SW Billings,90,12.0,50,40,0,17.5,England
Tushar Imran,27,4.0,16,11,0,21.0,Bangladesh
DS Smith,801,89.0,372,429,5.0,33.0882352941,West Indies
SW Masakadza,109,16.0,76,33,0,14.0,Zimbabwe
J Louw,23,4.0,22,1,0,7.0,South Africa
MS Dhoni,6915,654.0,2872,4043,55.0,43.6914893617,India
AC Voges,712,55.0,234,478,3.0,35.2083333333,Australia
AJ Strauss,2509,291.0,1206,1303,20.0,42.4864864865,England
GO Jones,94,9.0,40,54,0,14.0,England
A Shahzad,40,3.0,18,22,0,7.75,England
S Prasanna,190,25.0,120,70,0,12.05,Sri Lanka
SCJ Broad,500,45.0,200,300,0,10.8709677419,England
Danish Kaneria,6,1.0,4,2,0,4.0,Pakistan
Saad Nasim,99,10.0,42,57,1.0,41.6666666667,Pakistan
NJ O'Brien,871,87.0,366,505,6.0,36.8823529412,Ireland
HMRKB Herath,140,12.0,52,88,0,8.40740740741,Sri Lanka
A Balbirnie,259,27.0,116,143,2.0,35.4444444444,Ireland
BA Parchment,107,14.0,58,49,0,33.0,West Indies
Mohammad Yousuf,2134,190.0,782,1352,16.0,49.775862069,Pakistan
Z Khan,326,38.0,168,158,0,13.7179487179,India
SE Bond,140,10.0,44,96,0,9.75,New Zealand
Shahadat Hossain,57,6.0,26,31,0,7.0625,Bangladesh
SR Thompson,73,7.0,32,41,0,13.5,Ireland
ML Nkala,14,2.0,8,6,0,13.0,Zimbabwe
Sharjeel Khan,169,26.0,114,55,1.0,20.8,Pakistan
AD Russell,978,142.0,672,306,4.0,17.9761904762,West Indies
DT Tiripano,23,3.0,12,11,0,10.25,Zimbabwe
Babar Azam,321,35.0,152,169,4.0,45.125,Pakistan
SW Tait,25,4.0,18,7,0,4.83333333333,Australia
R Ashwin,658,64.0,266,392,1.0,14.0909090909,India
DT Christian,273,26.0,110,163,0,17.3888888889,Australia
PR Stirling,557,80.0,338,219,4.0,27.4782608696,Ireland
CL White,1960,181.0,810,1150,13.0,35.9705882353,Australia
KM Jadhav,146,18.0,74,72,1.0,35.0,India
YK Pathan,799,103.0,496,303,5.0,18.15,India
Imran Nazir,435,70.0,304,131,2.0,30.2,Pakistan
Imran Farhat,813,91.0,376,437,8.0,42.9333333333,Pakistan
CMW Read,61,6.0,26,35,0,12.5,England
AM Rahane,1966,217.0,916,1050,16.0,41.3114754098,India
F Mutizwa,145,9.0,38,107,1.0,28.1111111111,Zimbabwe
AU Rashid,294,41.0,170,124,1.0,15.8823529412,England
Khalid Latif,147,13.0,52,95,1.0,46.6,Pakistan
Mashrafe Mortaza,771,88.0,400,371,0,14.5072463768,Bangladesh
CD McMillan,476,61.0,272,204,3.0,35.4375,New Zealand
MJ Henry,86,12.0,58,28,0,9.22222222222,New Zealand
GB Brent,168,12.0,54,114,1.0,17.0625,Zimbabwe
MA Wood,26,3.0,12,14,0,9.66666666667,England
M Vijay,339,36.0,150,189,1.0,32.25,India
DP Hyatt,112,14.0,68,44,0,21.0,West Indies
PM Siddle,21,1.0,4,17,0,4.5,Australia
MD Gunathilaka,117,18.0,80,37,1.0,28.0,Sri Lanka
Sohail Tanvir,340,44.0,188,152,0,11.1351351351,Pakistan
JL Denly,268,32.0,130,138,2.0,46.4444444444,England
AP Devcich,177,25.0,100,77,1.0,30.125,New Zealand
DI Joyce,29,4.0,16,13,0,20.3333333333,Ireland
V Sibanda,1552,196.0,822,730,12.0,37.0,Zimbabwe
Aftab Ahmed,652,83.0,356,296,3.0,25.9411764706,Bangladesh
SG Borthwick,18,2.0,10,8,0,8.0,England
C Kieswetter,979,127.0,568,411,5.0,30.027027027,England
Abdul Razzaq,820,89.0,412,408,3.0,24.95,Pakistan
Nazimuddin,145,20.0,84,61,0,23.3,Bangladesh
DR Tuffey,149,16.0,76,73,0,10.9166666667,New Zealand
Mohammad Irfan,48,7.0,32,16,0,5.06666666667,Pakistan
Alok Kapali,270,31.0,136,134,1.0,27.2307692308,Bangladesh
DM Bravo,2143,225.0,980,1163,17.0,42.28,West Indies
MS Sinclair,122,12.0,50,72,1.0,26.6,New Zealand
Mohammad Hafeez,4569,538.0,2300,2269,34.0,44.007518797,Pakistan
HD Rutherford,15,2.0,8,7,0,14.0,New Zealand
JL Pattinson,41,2.0,8,33,0,11.4285714286,Australia
Mohammad Rizwan,348,36.0,154,194,3.0,28.8461538462,Pakistan
GH Bodi,83,10.0,42,41,1.0,68.0,South Africa
S Matsikenyeri,939,94.0,394,545,5.0,26.3617021277,Zimbabwe
PP Chawla,38,3.0,12,26,0,5.0,India
CS Baugh,308,23.0,94,214,0,22.9545454545,West Indies
RP Arnold,231,16.0,66,165,2.0,22.4285714286,Sri Lanka
S Dhawan,2982,390.0,1634,1348,25.0,48.6086956522,India
RMS Eranga,34,4.0,16,18,0,7.33333333333,Sri Lanka
JM Bairstow,260,30.0,130,130,1.0,28.4,England
Mithun Ali,26,5.0,20,6,0,43.0,Bangladesh
TS Nethula,12,1.0,4,8,0,3.66666666667,New Zealand
PVD Chameera,24,2.0,8,16,0,11.75,Sri Lanka
RR Powar,52,3.0,14,38,0,11.2222222222,India
TG Southee,359,39.0,188,171,0,7.58823529412,New Zealand
SE Marsh,1706,176.0,730,976,14.0,47.5208333333,Australia
BRM Taylor,3356,330.0,1410,1946,26.0,43.96,Zimbabwe
CA Ingram,761,84.0,354,407,5.0,33.3928571429,South Africa
SC Ganguly,920,114.0,488,432,9.0,53.88,India
TM Dowlin,228,21.0,86,142,2.0,36.2,West Indies
MV Boucher,1268,126.0,568,700,5.0,24.8771929825,South Africa
Kamran Hussain,28,2.0,8,20,0,21.0,Pakistan
GC Tonge,10,1.0,4,6,0,5.33333333333,West Indies
AD Mathews,3757,346.0,1496,2261,26.0,34.8320610687,Sri Lanka
T Duffin,143,16.0,64,79,1.0,57.5,Zimbabwe
NT Broom,309,27.0,110,199,1.0,24.7368421053,New Zealand
Junaid Khan,55,4.0,18,37,0,5.94736842105,Pakistan
JA Burns,146,17.0,70,76,1.0,31.5,Australia
MDK Perera,44,4.0,16,28,0,20.25,Sri Lanka
C de Grandhomme,36,4.0,22,14,0,39.0,New Zealand
Mominul Haque,490,54.0,218,272,2.0,31.7619047619,Bangladesh
Yasir Shah,76,7.0,30,46,0,13.8333333333,Pakistan
TL Best,32,3.0,12,20,0,9.375,West Indies
R Vinay Kumar,85,7.0,32,53,0,13.5454545455,India
J Blackwood,11,1.0,4,7,0,12.5,West Indies
GH Worker,41,4.0,16,25,0,33.0,New Zealand
GC Wilson,484,49.0,208,276,5.0,28.1363636364,Ireland
MK Tiwary,283,27.0,114,169,2.0,39.0,India
Iftikhar Anjum,154,14.0,62,92,0,12.4761904762,Pakistan
Bilawal Bhatti,89,12.0,52,37,0,11.0,Pakistan
Bilal Asif,40,7.0,30,10,0,17.3333333333,Pakistan
D Bishoo,10,2.0,8,2,0,3.85714285714,West Indies
SI Mahmood,66,8.0,32,34,0,8.77777777778,England
TV Mufambisi,45,6.0,24,21,0,17.75,Zimbabwe
Mehrab Hossain jnr,183,17.0,68,115,1.0,43.1,Bangladesh
MR Gillespie,80,9.0,38,42,0,9.5,New Zealand
Saeed Ajmal,295,22.0,88,207,0,7.90625,Pakistan
N Mushangwe,38,5.0,30,8,0,11.0,Zimbabwe
RW Chakabva,345,22.0,88,257,0,25.8461538462,Zimbabwe
Mohammad Rafique,98,6.0,32,66,0,12.9166666667,Bangladesh
S Chanderpaul,2572,225.0,960,1612,25.0,59.9682539683,West Indies
DA Warner,2254,269.0,1148,1106,17.0,40.125,Australia
FL Reifer,86,7.0,30,56,0,31.6666666667,West Indies
J Mubarak,276,17.0,70,206,1.0,28.1428571429,Sri Lanka
TAM Siriwardana,262,31.0,140,122,2.0,23.5,Sri Lanka
EJG Morgan,3997,425.0,1892,2105,31.0,34.5714285714,Ireland
SL Stewart,26,2.0,8,18,0,14.75,New Zealand
KC Sangakkara,8607,889.0,3678,4929,74.0,52.0731707317,Sri Lanka
Fawad Ahmed,4,1.0,4,0,0,2.0,Australia
AT Rayudu,928,88.0,376,552,7.0,46.9230769231,India
SR Tendulkar,4013,519.0,2152,1861,32.0,53.9431818182,India
RK Kleinveldt,105,14.0,66,39,0,18.4285714286,South Africa
AD Mascarenhas,222,22.0,114,108,1.0,20.6666666667,England
KED Carroll,28,1.0,4,24,0,14.0,Ireland
BCJ Cutting,53,5.0,22,31,0,33.5,Australia
CD Collymore,31,3.0,16,15,0,5.44444444444,West Indies
Mustafizur Rahman,15,2.0,8,7,0,8.5,Bangladesh
L Vincent,445,50.0,212,233,4.0,41.1875,New Zealand
T Mupariwa,43,5.0,22,21,0,9.16666666667,Zimbabwe
DSNFG Jayasuriya,11,2.0,8,3,0,8.5,Sri Lanka
T Panyangara,121,15.0,62,59,0,9.44,Zimbabwe
Naumanullah,5,1.0,4,1,0,4.0,Pakistan
Tanvir Ahmed,18,3.0,16,2,0,12.0,Pakistan
Younis Khan,3310,307.0,1274,2036,25.0,38.8965517241,Pakistan
Wahab Riaz,527,62.0,286,241,2.0,13.875,Pakistan
AB Barath,281,36.0,146,135,1.0,38.3076923077,West Indies
MN van Wyk,408,50.0,208,200,4.0,40.6,South Africa
WW Hinds,108,10.0,40,68,0,30.7777777778,West Indies
F du Plessis,2864,283.0,1206,1658,24.0,42.012195122,South Africa
WU Tharanga,4385,524.0,2150,2235,35.0,46.045112782,Sri Lanka
SM Warnapura,30,4.0,16,14,0,32.0,Sri Lanka
Imran Tahir,82,10.0,42,40,0,7.6875,South Africa
AN Petersen,498,56.0,230,268,4.0,33.8888888889,South Africa
AC Botha,172,15.0,64,108,1.0,26.6666666667,Ireland
DG Brownlie,203,27.0,110,93,0,31.1111111111,New Zealand
S Badrinath,79,4.0,16,63,0,28.8333333333,India
V Permaul,11,1.0,4,7,0,7.33333333333,West Indies
MA Carberry,113,14.0,56,57,1.0,35.6,England
NL McCullum,1060,100.0,466,594,4.0,20.2950819672,New Zealand
M Ntini,52,6.0,26,26,0,5.125,South Africa
AG Cremer,316,23.0,94,222,0,19.2,Zimbabwe
A Flintoff,720,78.0,328,392,3.0,26.0,England
J Charles,960,130.0,572,388,5.0,34.7647058824,West Indies
Mahbubul Alam,81,7.0,36,45,1.0,36.0,Bangladesh
G Gambhir,4384,467.0,1894,2490,39.0,44.5042735043,India
NJ Astle,200,28.0,118,82,1.0,29.6,New Zealand
Faisal Iqbal,30,3.0,12,18,0,49.0,Pakistan
Sarfraz Ahmed,1045,84.0,348,697,4.0,30.3658536585,Pakistan
HM Nicholls,215,21.0,86,129,2.0,36.375,New Zealand
Anwar Ali,262,30.0,130,132,0,22.5714285714,Pakistan
S Chattergoon,167,28.0,116,51,1.0,45.6666666667,West Indies
Imad Wasim,77,7.0,28,49,1.0,28.0,Pakistan
BP Nash,9,1.0,4,5,0,8.0,West Indies
CR Woakes,485,35.0,144,341,0,19.71875,England
Naeem Islam,842,85.0,364,478,5.0,27.6888888889,Bangladesh
W Jaffer,10,2.0,8,2,0,11.5,India
Anamul Haque,920,103.0,444,476,6.0,52.84,Bangladesh
RS Morton,780,62.0,270,510,6.0,43.1111111111,West Indies
FH Edwards,58,5.0,20,38,0,8.84615384615,West Indies
M Muralitharan,186,23.0,102,84,0,5.66666666667,Sri Lanka
GS Ballance,286,22.0,90,196,2.0,33.1538461538,England
R Dhawan,12,1.0,4,8,0,6.5,India
AF Milne,129,11.0,52,77,0,12.0909090909,New Zealand
Sabbir Rahman,437,55.0,240,197,2.0,26.1176470588,Bangladesh
AB Dinda,21,1.0,4,17,0,7.6,India
R Clarke,39,3.0,12,27,0,24.0,England
JD Ryder,1204,171.0,750,454,9.0,35.3714285714,New Zealand
IDR Bradshaw,50,4.0,16,34,0,15.0,West Indies
MA Vermeulen,142,13.0,52,90,1.0,29.7142857143,Zimbabwe
MM Sharma,30,5.0,20,10,0,6.625,India
Shafiul Islam,124,15.0,64,60,0,7.67857142857,Bangladesh
GD Elliott,1884,171.0,738,1146,13.0,36.90625,New Zealand
MN Waller,738,79.0,324,414,3.0,28.0789473684,Zimbabwe
Shoaib Akhtar,62,8.0,38,24,0,4.78947368421,Pakistan
I Sharma,71,6.0,24,47,0,8.32,India
MS Panesar,26,2.0,8,18,0,13.1428571429,England
AJ Finch,1901,231.0,982,919,16.0,44.6470588235,Australia
ML Hayden,1879,236.0,1012,867,14.0,60.8108108108,Australia
DPMD Jayawardene,6086,616.0,2544,3542,47.0,40.0677083333,Sri Lanka
AR White,241,20.0,80,161,0,23.6470588235,Ireland
C Zhuwao,16,3.0,12,4,0,22.0,Zimbabwe
Shahid Afridi,3083,393.0,1832,1251,14.0,16.7569444444,Pakistan
LL Tsotsobe,57,8.0,34,23,0,6.22222222222,South Africa
BB Chari,76,4.0,16,60,0,41.75,Zimbabwe
SP Fleming,727,93.0,392,335,6.0,42.7083333333,New Zealand
Zulfiqar Babar,35,3.0,14,21,0,8.0,Pakistan
JJ Roy,558,83.0,338,220,4.0,30.7894736842,England
DW Steyn,288,33.0,148,140,0,10.5909090909,South Africa
BJ Watling,528,57.0,234,294,5.0,41.5263157895,New Zealand
Kamran Akmal,2054,268.0,1122,932,10.0,28.3370786517,Pakistan
CJ McKay,179,16.0,68,111,0,12.5,Australia
CRD Fernando,114,12.0,50,64,0,8.38095238095,Sri Lanka
SPD Smith,1970,182.0,764,1206,13.0,39.701754386,Australia
ME Trescothick,396,53.0,218,178,3.0,56.625,England
JW Dernbach,19,1.0,4,15,0,5.0,England
C Munro,244,25.0,110,134,2.0,29.1111111111,New Zealand
MF Maharoof,517,50.0,220,297,1.0,17.6666666667,Sri Lanka
D Ramdin,1575,143.0,622,953,8.0,23.6463414634,West Indies
DJG Sammy,1826,225.0,1066,760,9.0,19.05,West Indies
JE Taylor,216,28.0,120,96,0,8.35483870968,West Indies
JEC Franklin,973,87.0,372,601,4.0,24.1346153846,New Zealand
LJ Wright,655,73.0,324,331,1.0,21.0526315789,England
RR Rossouw,817,99.0,434,383,6.0,33.6923076923,South Africa
MS Atapattu,269,29.0,116,153,0,36.5454545455,Sri Lanka
Junaid Siddique,861,93.0,386,475,5.0,29.3488372093,Bangladesh
Liton Das,46,6.0,28,18,0,11.0,Bangladesh
MKDI Amerasinghe,5,1.0,4,1,0,2.33333333333,Sri Lanka
KAJ Roach,216,20.0,86,130,0,11.2368421053,West Indies
Ehsan Adil,22,2.0,8,14,0,11.0,Pakistan
HH Dippenaar,110,9.0,36,74,1.0,40.6,South Africa
GP Swann,474,50.0,208,266,0,11.3695652174,England
Adnan Akmal,62,3.0,12,50,0,23.0,Pakistan
Naved-ul-Hasan,231,23.0,110,121,0,13.6,Pakistan
RS Bopara,2617,231.0,990,1627,15.0,33.125,England
Mohammed Shami,108,13.0,64,44,0,6.42105263158,India
Haris Sohail,704,65.0,280,424,6.0,43.55,Pakistan
Shoaib Malik,2813,272.0,1168,1645,19.0,35.2448979592,Pakistan
Nasir Jamshed,1394,167.0,706,688,11.0,40.9347826087,Pakistan
Shuvagoto Hom,70,9.0,36,34,0,29.3333333333,Bangladesh
RW Price,258,24.0,104,154,0,12.5277777778,Zimbabwe
DC Thomas,225,20.0,84,141,0,20.2777777778,West Indies
MP Vaughan,206,26.0,108,98,1.0,31.0,England
WD Parnell,364,34.0,146,218,1.0,21.1739130435,South Africa
TT Bresnan,871,96.0,398,473,1.0,15.619047619,England
MS Wade,1038,95.0,414,624,6.0,25.9803921569,Australia
CK Langeveldt,66,8.0,32,34,0,7.92857142857,South Africa
DAJ Bracewell,59,3.0,12,47,0,12.8571428571,New Zealand
KD Mills,759,90.0,420,339,2.0,14.1694915254,New Zealand
UT Yadav,52,8.0,34,18,0,6.13333333333,India
Dolar Mahmud,41,7.0,34,7,0,11.6666666667,Bangladesh
JWM Dalrymple,458,34.0,142,316,2.0,25.75,England
KMDN Kulasekara,1180,121.0,558,622,4.0,14.58,Sri Lanka
K Weeraratne,38,3.0,12,26,0,19.5,Sri Lanka
UT Khawaja,108,14.0,60,48,1.0,25.6,Australia
Suhrawadi Shuvo,98,10.0,42,56,0,13.8,Bangladesh
RR Sarwan,1836,178.0,748,1088,14.0,42.1746031746,West Indies
CA Pujara,24,2.0,8,16,0,17.25,India
WB Rankin,38,1.0,4,34,0,8.58333333333,Ireland
Arafat Sunny,48,5.0,20,28,0,9.4,Bangladesh
Q de Kock,2112,277.0,1166,946,13.0,42.8703703704,South Africa
Yasir Hameed,141,6.0,24,117,1.0,55.0,Pakistan
MJ Prior,1041,109.0,448,593,3.0,28.3541666667,England
TMK Mawoyo,58,4.0,16,42,0,23.7142857143,Zimbabwe
J Botha,474,45.0,184,290,0,14.0487804878,South Africa
DA Miller,1697,175.0,794,903,9.0,25.6470588235,South Africa
RT Ponting,4153,455.0,1892,2261,37.0,47.119266055,Australia
Zafar Gohar,15,1.0,6,9,0,15.0,Pakistan
Yasir Arafat,53,8.0,34,19,0,29.6666666667,Pakistan
MJ Clarke,4886,422.0,1742,3144,41.0,48.5294117647,Australia
Habibul Bashar,244,18.0,76,168,0,29.75,Bangladesh
GH Dockrell,145,14.0,62,83,0,13.0,Ireland
GJ Maxwell,1499,201.0,892,607,12.0,23.5849056604,Australia
RJ Nicol,585,66.0,290,295,4.0,39.85,New Zealand
RJ Peterson,458,47.0,196,262,1.0,18.8965517241,South Africa
MA Starc,110,9.0,40,70,0,12.0769230769,Australia
MR Marsh,840,94.0,422,418,7.0,33.8076923077,Australia
SJ Harmison,36,1.0,4,32,0,7.14285714286,England
J Lewis,43,4.0,16,27,0,7.0,England
R Rampaul,327,43.0,198,129,1.0,12.7878787879,West Indies
D Langford-Smith,79,8.0,36,43,0,9.33333333333,Ireland
BW Hilfenhaus,29,2.0,8,21,0,7.88888888889,Australia
KD Karthik,1214,138.0,576,638,6.0,30.1607142857,India
AG Prince,127,8.0,34,93,0,23.7142857143,South Africa
PA Browne,134,13.0,64,70,0,36.6,West Indies
JM Anderson,204,19.0,76,128,0,7.44230769231,England
RT Crandon,5,1.0,4,1,0,9.0,West Indies
PA Nixon,274,23.0,104,170,0,20.1764705882,England
Mohammad Amir,168,21.0,90,78,1.0,16.2857142857,Pakistan
S Randiv,254,27.0,110,144,1.0,22.6875,Sri Lanka
NM Lyon,12,2.0,10,2,0,3.0,Australia
TC Mutombodzi,25,3.0,16,9,0,8.66666666667,Zimbabwe
JP Faulkner,821,98.0,446,375,5.0,22.0294117647,Australia
RN Lewis,119,10.0,56,63,0,16.3333333333,West Indies
JL Carter,162,18.0,78,84,0,26.3636363636,West Indies
SR Clark,29,2.0,8,21,0,7.28571428571,Australia
F Behardien,703,67.0,298,405,3.0,23.2424242424,South Africa
P Mustard,219,30.0,130,89,1.0,27.1111111111,England
A Mishra,28,3.0,12,16,0,8.25,India
Nasir Hossain,1190,121.0,512,678,7.0,34.0681818182,Bangladesh
IG Butler,78,8.0,36,42,0,17.7142857143,New Zealand
TT Samaraweera,609,57.0,228,381,2.0,31.7307692308,Sri Lanka
JS Patel,84,7.0,32,52,0,14.0,New Zealand
FDM Karunaratne,107,8.0,32,75,0,16.5,Sri Lanka
SM Katich,56,7.0,30,26,0,37.0,Australia
Misbah-ul-Haq,4410,372.0,1622,2788,36.0,48.7222222222,Pakistan
DBL Powell,99,9.0,46,53,0,7.47058823529,West Indies
LS Baker,11,2.0,8,3,0,5.66666666667,West Indies
Shakib Al Hasan,3679,353.0,1470,2209,31.0,37.8536585366,Bangladesh
Shahriar Nafees,906,126.0,506,400,6.0,35.4324324324,Bangladesh
HJH Marshall,115,11.0,46,69,1.0,16.4,New Zealand
Javed Omar,146,16.0,68,78,1.0,50.6666666667,Bangladesh
KS Williamson,3531,354.0,1474,2057,32.0,51.9390243902,New Zealand
GA Lamb,169,4.0,16,153,0,30.5,Zimbabwe
K Rabada,50,6.0,24,26,0,12.3333333333,South Africa
Asad Ali,13,1.0,6,7,0,8.0,Pakistan
LPC Silva,1171,115.0,478,693,11.0,37.4666666667,Sri Lanka
P Utseya,899,64.0,272,627,2.0,21.1842105263,Zimbabwe
AJ Ireland,11,1.0,4,7,0,12.4,Zimbabwe
KM Jarvis,45,4.0,16,29,0,10.3333333333,Zimbabwe
GJ Hopkins,236,21.0,88,148,0,19.8125,New Zealand
AR Patel,90,9.0,46,44,0,6.64285714286,India
TL Chatara,99,12.0,52,47,0,10.1764705882,Zimbabwe
L Ronchi,1133,149.0,672,461,4.0,19.2352941176,Australia
WPUJC Vaas,226,17.0,70,156,0,13.0769230769,Sri Lanka
BJ Haddin,2548,299.0,1318,1230,14.0,32.9052631579,Australia
XJ Doherty,91,4.0,18,73,0,8.2380952381,Australia
AN Cook,3146,367.0,1488,1658,24.0,47.3181818182,England
BC Lara,822,94.0,408,414,5.0,38.75,West Indies
PJ Hughes,814,95.0,390,424,6.0,51.8571428571,Australia
JF Mooney,289,31.0,130,159,0,18.9047619048,Ireland
PA Patel,509,61.0,258,251,3.0,27.8695652174,India
A Mithun,51,6.0,32,19,0,19.0,India
CJ Jordan,148,15.0,66,82,0,9.77777777778,England
Mohammad Sami,65,7.0,30,35,0,28.25,Pakistan
MB Loye,142,24.0,106,36,0,27.1428571429,England
BM Wheeler,58,7.0,34,24,0,11.75,New Zealand
Jubair Hossain,5,1.0,4,1,0,10.0,Bangladesh
T Taibu,1617,130.0,556,1061,14.0,41.4,Zimbabwe
Litton Das,78,8.0,32,46,0,35.0,Bangladesh
MD Bates,13,2.0,10,3,0,10.0,New Zealand
SMSM Senanayake,276,34.0,146,130,0,9.90625,Sri Lanka
KTGD Prasad,112,12.0,54,58,0,11.6666666667,Sri Lanka
AM Ellis,154,12.0,52,102,0,15.75,New Zealand
AB de Villiers,7602,813.0,3560,4042,65.0,47.7701863354,South Africa
A Nel,115,16.0,70,45,0,9.4,South Africa
Aamer Yamin,63,9.0,44,19,1.0,36.5,Pakistan
JE Root,2542,225.0,952,1590,20.0,50.0,England
LR Johnson,19,3.0,14,5,0,21.6666666667,West Indies
GJ Batty,24,1.0,4,20,0,18.3333333333,England
Salman Butt,1653,212.0,860,793,15.0,53.7435897436,Pakistan
DT Johnston,272,28.0,128,144,0,16.4090909091,Ireland
BV Vitori,63,9.0,44,19,0,7.3,Zimbabwe
TM Dilshan,7712,925.0,3786,3926,55.0,44.5970149254,Sri Lanka
KJ O'Brien,763,90.0,400,363,2.0,28.1764705882,Ireland
RG Sharma,4814,513.0,2272,2542,36.0,43.2313432836,India
Iftikhar Ahmed,8,1.0,4,4,0,15.5,Pakistan
DR Flynn,167,20.0,82,85,0,24.7,New Zealand
Sami Aslam,45,7.0,28,17,0,52.0,Pakistan
A Nehra,54,5.0,22,32,0,6.57894736842,India
Harbhajan Singh,610,55.0,260,350,0,13.0655737705,India
KDK Vithanage,75,11.0,44,31,0,15.3333333333,Sri Lanka
Umar Amin,266,30.0,124,142,1.0,28.0,Pakistan
JO Holder,372,47.0,216,156,2.0,17.2727272727,West Indies
SS Pathirana,66,7.0,32,34,0,25.3333333333,Sri Lanka
Umar Akmal,2613,263.0,1134,1479,19.0,33.2210526316,Pakistan
M Kaif,215,16.0,64,151,2.0,38.8888888889,India
MH Yardy,326,21.0,86,240,2.0,20.4166666667,England
Sohail Khan,25,2.0,8,17,0,8.66666666667,Pakistan
PJ Cummins,34,4.0,16,18,0,9.0,Australia
JC Tredwell,163,13.0,60,103,0,9.88,England
Imrul Kayes,1392,159.0,678,714,11.0,41.2641509434,Bangladesh
MN Samuels,3257,386.0,1700,1557,24.0,42.3980582524,West Indies
VS Solanki,54,4.0,18,36,0,26.5,England
MK Pandey,181,15.0,64,117,2.0,58.6666666667,India
SF Mire,189,19.0,88,101,2.0,32.0,Zimbabwe
AD Hales,925,116.0,494,431,8.0,40.0740740741,England
STR Binny,205,24.0,106,99,1.0,21.4,India
Dhiman Ghosh,124,10.0,42,82,0,18.6363636364,Bangladesh
TJ Murtagh,41,5.0,20,21,0,8.8,Ireland
T Kamungozi,25,5.0,20,5,0,6.22222222222,Zimbabwe
DR Smith,899,125.0,562,337,6.0,21.24,West Indies
BB McCullum,4306,574.0,2604,1702,29.0,30.3888888889,New Zealand
AB Agarkar,92,5.0,20,72,0,12.875,India
SK Raina,4944,532.0,2348,2596,37.0,31.4561403509,India
BA Stokes,685,76.0,336,349,4.0,22.3823529412,England
S Sreesanth,40,2.0,8,32,0,7.5,India
P Kumar,290,32.0,142,148,1.0,10.5,India
OA Shah,1503,144.0,626,877,11.0,40.2391304348,England
JL Ontong,67,8.0,32,35,0,29.3333333333,South Africa
Azhar Ali,1157,115.0,474,683,9.0,52.3,Pakistan
V Kohli,7109,737.0,3096,4013,60.0,50.9367088608,India
SE Findlay,88,11.0,48,40,1.0,35.0,West Indies
WP Saha,25,3.0,12,13,0,9.25,India
